firstname,lastname,email
Laís,,laís@yahoo.com.br
Emanuel,,emanuel@yahoo.com.br
Bárbara,,bárbara@yahoo.com.br
Guilherme,,guilherme@yahoo.com.br
Valentim,,valentim@yahoo.com.br
João Felipe,Caldeira,joão.felipe.caldeira@ig.com.br
Jade,Aragão,jade.aragão@uol.com.br
Lucca,Mendes,lucca.mendes@hotmail.com
Maria Júlia,da Mota,maria.júlia.da.mota@gmail.com
João,Camargo,joão.camargo@hotmail.com
Vitor,Vieira,vitor.vieira@ig.com.br
Ana Cecília,Casa Grande,ana.cecília.casa.grande@hotmail.com
Clara,Rocha,clara.rocha@uol.com.br
Maria Vitória,Andrade,maria.vitória.andrade@ig.com.br
José Pedro,Fernandes,josé.pedro.fernandes@yahoo.com.br
Ana,Nunes,ana.nunes@hotmail.com
Vitor Gabriel,Ribeiro,vitor.gabriel.ribeiro@yahoo.com.br
Mariah,Brito,mariah.brito@ig.com.br
Mariane,Andrade,mariane.andrade@uol.com.br
João Guilherme,Araújo,joão.guilherme.araújo@yahoo.com.br
Henry Gabriel,da Rosa,henry.gabriel.da.rosa@hotmail.com
Isadora,da Cruz,isadora.da.cruz@hotmail.com
Ayla,da Costa,ayla.da.costa@ig.com.br
Marcelo,Montenegro,marcelo.montenegro@bol.com.br
Marcela,Lima,marcela.lima@hotmail.com
Lívia,Teixeira,lívia.teixeira@yahoo.com.br
Davi,Vargas,davi.vargas@uol.com.br
Samuel,Pastor,samuel.pastor@hotmail.com
Ravy,Rodrigues,ravy.rodrigues@uol.com.br
Benicio,Leão,benicio.leão@ig.com.br
Letícia,Barros,letícia.barros@gmail.com
Maria Flor,Machado,maria.flor.machado@yahoo.com.br
Pietra,Azevedo,pietra.azevedo@gmail.com
Heloísa,da Costa,heloísa.da.costa@hotmail.com
Mariah,Caldeira,mariah.caldeira@yahoo.com.br
Luigi,Peixoto,luigi.peixoto@uol.com.br
Helena,da Conceição,helena.da.conceição@uol.com.br
Luiz Fernando,Sousa,luiz.fernando.sousa@gmail.com
Daniela,Albuquerque,daniela.albuquerque@hotmail.com
Renan,Ferreira,renan.ferreira@yahoo.com.br
Maysa,Sousa,maysa.sousa@gmail.com
Vicente,Rezende,vicente.rezende@uol.com.br
Helena,Leão,helena.leão@uol.com.br
Gabriela,Borges,gabriela.borges@yahoo.com.br
Caleb,Castro,caleb.castro@yahoo.com.br
Olívia,Gonçalves,olívia.gonçalves@uol.com.br
Luara,das Neves,luara.das.neves@yahoo.com.br
Maitê,Farias,maitê.farias@hotmail.com
Yago,Rocha,yago.rocha@hotmail.com
Heloisa,Cardoso,heloisa.cardoso@ig.com.br
Laís,,laís@yahoo.com.br
Emanuel,,emanuel@yahoo.com.br
Bárbara,,bárbara@yahoo.com.br
